{
    "final_pos": -0.9681842144385289,
    "max_pos": 22.464898196062542
}